timestamp,url,reason
2026-04-14 04:45:06,http://greendallas.net/green-buildings/,Scraping returned no content
2026-04-14 04:46:27,http://comptroller.marylandtaxes.com/Public_Services/Agency_Information/Office_of_the_Comptroller/Comptroller_Initiatives/Shop_Maryland_Tax-free_Week/,Scraping returned no content
2026-04-14 04:57:44,http://longbeach.gov/sustainability/media-library/documents/urban-living/builidings-and-neighborhoods/greenbuildingpolicy/,Scraping returned no content
2026-04-14 05:16:20,http://lodielectric.com/906/Commercial-Rebates,Scraping returned no content
2026-04-14 05:16:20,http://wa-portangeles.civicplus.com/790/Residential-Conservation-Rebates,Scraping returned no content
2026-04-14 05:16:20,http://depsc.delaware.gov/electric.shtml,Scraping returned no content
2026-04-14 05:16:20,http://depsc.delaware.gov/delrps.shtml,Scraping returned no content
2026-04-14 05:16:20,http://www.anaheim.net/5353/Business-Energy-Rebates,Scraping returned no content
2026-04-14 05:16:20,http://www.aacounty.org/Finance/Forms.cfm,Scraping returned no content
2026-04-14 05:16:20,http://www.aikenco-op.org/water-heater/,Scraping returned no content
2026-04-14 05:16:20,http://mgaleg.maryland.gov/mgawebsite/Legislation/Details/hb1255/?ys=2019rs,Scraping returned no content
2026-04-14 05:16:20,http://energy.maryland.gov/govt/Pages/smartenergycommunities.aspx,Scraping returned no content
2026-04-14 05:16:20,http://puc.nv.gov/Renewable_Energy/Net_Metering/,Scraping returned no content
2026-04-14 05:16:20,http://unitil.com/energy-efficiency/energy-efficiency-programs/natural-gas-programs-rebates-assistance,Scraping returned no content
2026-04-14 05:16:20,http://www.anaheim.net/3312/Public-EV-Charger-Rebate,Scraping returned no content
2026-04-14 05:16:20,http://lodielectric.com/909/Residential-Rebates,Scraping returned no content
2026-04-14 05:16:20,http://www.austintexas.gov/department/austin-climate-protection-program,Scraping returned no content
2026-04-14 05:16:20,http://deq.mt.gov/Energy/PropertyTaxIncentives.mcpx,Scraping returned no content
2026-04-14 05:16:20,http://www.anaheim.net/911/New-Construction-Incentives,Scraping returned no content
2026-04-14 05:16:20,http://bpu.org/rebates/,Scraping returned no content
2026-04-14 05:16:20,http://apps.sos.wv.gov/adlaw/csr/ruleview.aspx?document=8584,Scraping returned no content
2026-04-14 05:16:20,http://homeenergysavings.pepco.com/home-performance-with-energy-star-program,Scraping returned no content
2026-04-14 05:16:20,http://www.bcremc.com/incentives/,Scraping returned no content
2026-04-14 05:16:20,http://www.alputilities.com/residential/rebates.php,Scraping returned no content
2026-04-14 05:16:20,http://wellesleyma.gov/799/Energy-Efficiency-Rebates,Scraping returned no content
2026-04-14 05:16:20,http://copace.com/,Scraping returned no content
2026-04-14 05:16:20,http://energy.gov/lpo/loan-programs-office,Scraping returned no content
2026-04-14 05:16:20,http://www.ahfc.us/efficiency/energy-programs/weatherization/,Scraping returned no content
2026-04-14 05:16:20,http://dced.pa.gov/programs/solar-energy-program-sep/#.WDSKnLIrJhE,Scraping returned no content
2026-04-14 05:16:20,http://publicservice.vermont.gov/renewable_energy/resources,Scraping returned no content
2026-04-14 05:16:20,http://masmartsolar.com/,Scraping returned no content
2026-04-14 05:16:20,http://wmgld.com/energy-programs/,Scraping returned no content
2026-04-14 05:16:20,http://www.ahfc.us/pros/loans/association-loan-program/,Scraping returned no content
2026-04-14 05:16:20,http://bit.ly/1suoNdB,Scraping returned no content
2026-04-14 05:16:20,http://cleanairfleets.org/programs/alt-fuels-colorado,Scraping returned no content
2026-04-14 05:16:20,http://www.anaheim.net/965/Small-Business-Energy-Water-Direct-Insta,Scraping returned no content
2026-04-14 05:16:20,http://licenseinfo.oregon.gov/,Scraping returned no content
2026-04-14 05:16:20,http://cpuc.ca.gov/energyefficiency/,Scraping returned no content
2026-04-14 05:16:20,http://lodielectric.com/908/Commercial-Programs,Scraping returned no content
2026-04-14 05:16:20,http://www.arkansas.gov/psc/index.htm,Scraping returned no content
2026-04-14 05:16:20,http://longbeach.gov/sustainability/media-library/documents/urban-living/builidings-and-neighborhoods/greenbuildingpolicy/,Scraping returned no content
2026-04-14 05:16:20,http://energytrust.org/newbuildings,Scraping returned no content
2026-04-14 05:16:20,http://cca.hawaii.gov/pvl/boards/contractor/,Scraping returned no content
2026-04-14 05:16:20,http://crpud.net/ways-to-save/at-work,Scraping returned no content
2026-04-14 05:16:20,http://dor.wa.gov/Content/FindTaxesAndRates/TaxIncentives/IncentivePrograms.aspx#Energy,Scraping returned no content
2026-04-14 05:16:20,http://anaheim.net/936/Energy-Rebates-Incentives,Scraping returned no content
2026-04-14 05:16:20,http://energy.maryland.gov/business/Pages/incentives/PVEVprogram.aspx,Scraping returned no content
2026-04-14 05:16:20,http://bcapcodes.org/code-status/state/mississippi/,Scraping returned no content
2026-04-14 05:16:20,http://publicservice.vermont.gov/renewable_energy/cedf,Scraping returned no content
2026-04-14 05:16:20,http://dor.mo.gov/business/sales/taxholiday/green/,Scraping returned no content
2026-04-14 05:16:20,http://fortworthtexas.gov/sustainability/,Scraping returned no content
2026-04-14 05:16:20,http://santaclaraca.gov/index.aspx?page=1046,Scraping returned no content
2026-04-14 05:16:20,http://puc.nv.gov/Renewable_Energy/Portfolio_Standard/,Scraping returned no content
2026-04-14 05:16:20,http://marbleheadelectric.com/rebates-incentives.html,Scraping returned no content
2026-04-14 05:16:21,http://hdoa.hawaii.gov/agl/alternative-energy-loan-program/,Scraping returned no content
2026-04-14 05:16:21,http://ompa.com/programs/deep/,Scraping returned no content
2026-04-14 05:16:21,http://www.azcc.gov/divisions/utilities/electric.asp,Scraping returned no content
2026-04-14 05:16:21,http://mmpa.org/conservation/we-save-home/,Scraping returned no content
2026-04-14 05:16:21,http://comptroller.marylandtaxes.com/Public_Services/Agency_Information/Office_of_the_Comptroller/Comptroller_Initiatives/Shop_Maryland_Tax-free_Week/,Scraping returned no content
2026-04-14 05:16:21,http://psc.state.wy.us/,Scraping returned no content
2026-04-14 05:16:21,http://greenbank.ny.gov/,Scraping returned no content
2026-04-14 05:16:21,http://rmeb.org/pace.htm,Scraping returned no content
2026-04-14 05:16:21,http://takechargeva.com/business/default.aspx,Scraping returned no content
2026-04-14 05:16:21,http://green.dc.gov/service/buy-green-power,Scraping returned no content
2026-04-14 05:16:21,http://commerceri.com/finance-business/renewable-energy-fund/commercial-scale-projects/,Scraping returned no content
2026-04-14 05:16:21,http://pge.com/en/save-energy-and-money/energy-saving-programs/energy-efficiency-programs-for-businesses/energy-efficiency-financing.html,Scraping returned no content
2026-04-14 05:16:21,http://www.ahfc.us/buy/add-options/energy-efficiency-rate-reduction/,Scraping returned no content
2026-04-14 05:16:21,http://kcc.ks.gov/electric/renewable-energy-standard,Scraping returned no content
2026-04-14 05:16:21,http://bcap-ocean.org/state-country/colorado,Scraping returned no content
2026-04-14 05:16:21,http://tax.vermont.gov/municipal-officials/solar-valuation/everything-you-need-to-know-about-solar,Scraping returned no content
2026-04-14 05:16:21,http://dallascityhall.com/departments/sustainabledevelopment/buildinginspection/pages/know_code.aspx,Scraping returned no content
2026-04-14 05:16:21,http://buildsagreen.org/,Scraping returned no content
2026-04-14 05:16:21,http://energy.hawaii.gov/energy-efficiency-in-soh,Scraping returned no content
2026-04-14 05:16:21,http://ma-eeac.org/,Scraping returned no content
2026-04-14 05:16:21,http://tax.hawaii.gov/geninfo/renewable/,Scraping returned no content
2026-04-14 05:16:21,http://psc.wi.gov/renewables/WindSitingRules.htm,Scraping returned no content
2026-04-14 05:16:21,http://caec.coop/member-benefits-services/heat-pumps/,Scraping returned no content
2026-04-14 05:16:21,http://energy.hawaii.gov/renewable-energy,Scraping returned no content
2026-04-14 05:16:21,http://energytrust.org/commercial,Scraping returned no content
2026-04-14 05:16:21,http://energy.maryland.gov/Govt/pages/janeelawton.aspx,Scraping returned no content
2026-04-14 05:16:21,http://www.ashland.or.us/Files/SolarBrochure_WebFormat.pdf,Scraping returned no content
2026-04-14 05:16:21,http://aspencore.org/grants/,Scraping returned no content
2026-04-14 05:16:21,http://secpa.com/rebates,Scraping returned no content
2026-04-14 05:16:21,http://dor.wa.gov/content/findtaxesandrates/bandotax,Scraping returned no content
2026-04-14 05:16:21,http://www.anaheim.net/593/Personal-EV-Charger-Rebate,Scraping returned no content
2026-04-14 05:16:21,http://publicservice.vermont.gov/renewable_energy/net_metering,Scraping returned no content
2026-04-14 05:16:21,http://ny-sun.ny.gov/,Scraping returned no content
2026-04-14 05:16:21,http://publicservice.vermont.gov/electric/interconnection,Scraping returned no content
2026-04-14 05:16:21,http://development.ohio.gov/bs/bs_renewenergy.htm,Scraping returned no content
2026-04-14 05:16:21,http://mmpa.org/conservation/we-save-business/,Scraping returned no content
2026-04-14 05:16:21,http://energy.mo.gov/energy,Scraping returned no content
2026-04-14 05:16:21,http://energy.maryland.gov/business/Pages/incentives/empowermdcigp.aspx,Scraping returned no content
2026-04-14 05:16:21,http://greendallas.net/green-buildings/,Scraping returned no content
2026-04-14 05:16:21,http://homeenergysavings.delmarva.com/home-performance-with-energy-star-program,Scraping returned no content
2026-04-14 05:16:21,http://cleanairfleets.org/programs/charge-ahead-colorado,Scraping returned no content
2026-04-14 05:16:21,http://tax.vermont.gov/business-and-corp/corp-and-business-income-taxes/tax-credits,Scraping returned no content
2026-04-14 05:16:21,http://palaugov.org/,Scraping returned no content
2026-04-14 05:16:21,http://energy.nv.gov/Programs/Renewable_Energy_Tax_Abatements/,Scraping returned no content
2026-04-14 05:16:21,http://greenhoustontx.gov/green-power-program.html,Scraping returned no content
2026-04-14 05:16:21,http://city.milwaukee.gov/MilwaukeeShines#.VRw1e-G86W4,Scraping returned no content
2026-04-14 05:16:43,http://lodielectric.com/906/Commercial-Rebates,Scraping returned no content
2026-04-14 05:16:43,http://wa-portangeles.civicplus.com/790/Residential-Conservation-Rebates,Scraping returned no content
2026-04-14 05:16:43,http://depsc.delaware.gov/electric.shtml,Scraping returned no content
2026-04-14 05:16:43,http://depsc.delaware.gov/delrps.shtml,Scraping returned no content
2026-04-14 05:16:43,http://www.anaheim.net/5353/Business-Energy-Rebates,Scraping returned no content
2026-04-14 05:16:43,http://www.aacounty.org/Finance/Forms.cfm,Scraping returned no content
2026-04-14 05:16:43,http://www.aikenco-op.org/water-heater/,Scraping returned no content
2026-04-14 05:16:43,http://mgaleg.maryland.gov/mgawebsite/Legislation/Details/hb1255/?ys=2019rs,Scraping returned no content
2026-04-14 05:16:43,http://energy.maryland.gov/govt/Pages/smartenergycommunities.aspx,Scraping returned no content
2026-04-14 05:16:43,http://puc.nv.gov/Renewable_Energy/Net_Metering/,Scraping returned no content
2026-04-14 05:16:43,http://unitil.com/energy-efficiency/energy-efficiency-programs/natural-gas-programs-rebates-assistance,Scraping returned no content
2026-04-14 05:16:43,http://www.anaheim.net/3312/Public-EV-Charger-Rebate,Scraping returned no content
2026-04-14 05:16:43,http://lodielectric.com/909/Residential-Rebates,Scraping returned no content
2026-04-14 05:16:43,http://www.austintexas.gov/department/austin-climate-protection-program,Scraping returned no content
2026-04-14 05:16:43,http://deq.mt.gov/Energy/PropertyTaxIncentives.mcpx,Scraping returned no content
2026-04-14 05:16:43,http://www.anaheim.net/911/New-Construction-Incentives,Scraping returned no content
2026-04-14 05:16:43,http://bpu.org/rebates/,Scraping returned no content
2026-04-14 05:16:43,http://apps.sos.wv.gov/adlaw/csr/ruleview.aspx?document=8584,Scraping returned no content
2026-04-14 05:16:43,http://homeenergysavings.pepco.com/home-performance-with-energy-star-program,Scraping returned no content
2026-04-14 05:16:43,http://www.bcremc.com/incentives/,Scraping returned no content
2026-04-14 05:16:43,http://www.alputilities.com/residential/rebates.php,Scraping returned no content
2026-04-14 05:16:43,http://wellesleyma.gov/799/Energy-Efficiency-Rebates,Scraping returned no content
2026-04-14 05:16:43,http://copace.com/,Scraping returned no content
2026-04-14 05:16:43,http://energy.gov/lpo/loan-programs-office,Scraping returned no content
2026-04-14 05:16:43,http://www.ahfc.us/efficiency/energy-programs/weatherization/,Scraping returned no content
2026-04-14 05:16:43,http://dced.pa.gov/programs/solar-energy-program-sep/#.WDSKnLIrJhE,Scraping returned no content
2026-04-14 05:16:43,http://publicservice.vermont.gov/renewable_energy/resources,Scraping returned no content
2026-04-14 05:16:43,http://masmartsolar.com/,Scraping returned no content
2026-04-14 05:16:43,http://wmgld.com/energy-programs/,Scraping returned no content
2026-04-14 05:16:43,http://www.ahfc.us/pros/loans/association-loan-program/,Scraping returned no content
2026-04-14 05:16:43,http://bit.ly/1suoNdB,Scraping returned no content
2026-04-14 05:16:43,http://cleanairfleets.org/programs/alt-fuels-colorado,Scraping returned no content
2026-04-14 05:16:43,http://www.anaheim.net/965/Small-Business-Energy-Water-Direct-Insta,Scraping returned no content
2026-04-14 05:16:43,http://licenseinfo.oregon.gov/,Scraping returned no content
2026-04-14 05:16:43,http://cpuc.ca.gov/energyefficiency/,Scraping returned no content
2026-04-14 05:16:43,http://lodielectric.com/908/Commercial-Programs,Scraping returned no content
2026-04-14 05:16:43,http://www.arkansas.gov/psc/index.htm,Scraping returned no content
2026-04-14 05:16:43,http://longbeach.gov/sustainability/media-library/documents/urban-living/builidings-and-neighborhoods/greenbuildingpolicy/,Scraping returned no content
2026-04-14 05:16:43,http://energytrust.org/newbuildings,Scraping returned no content
2026-04-14 05:16:43,http://cca.hawaii.gov/pvl/boards/contractor/,Scraping returned no content
2026-04-14 05:16:43,http://crpud.net/ways-to-save/at-work,Scraping returned no content
2026-04-14 05:16:43,http://dor.wa.gov/Content/FindTaxesAndRates/TaxIncentives/IncentivePrograms.aspx#Energy,Scraping returned no content
2026-04-14 05:16:43,http://anaheim.net/936/Energy-Rebates-Incentives,Scraping returned no content
2026-04-14 05:16:43,http://energy.maryland.gov/business/Pages/incentives/PVEVprogram.aspx,Scraping returned no content
2026-04-14 05:16:43,http://bcapcodes.org/code-status/state/mississippi/,Scraping returned no content
2026-04-14 05:16:43,http://publicservice.vermont.gov/renewable_energy/cedf,Scraping returned no content
2026-04-14 05:16:43,http://dor.mo.gov/business/sales/taxholiday/green/,Scraping returned no content
2026-04-14 05:16:43,http://fortworthtexas.gov/sustainability/,Scraping returned no content
2026-04-14 05:16:43,http://santaclaraca.gov/index.aspx?page=1046,Scraping returned no content
2026-04-14 05:16:43,http://puc.nv.gov/Renewable_Energy/Portfolio_Standard/,Scraping returned no content
2026-04-14 05:16:43,http://marbleheadelectric.com/rebates-incentives.html,Scraping returned no content
2026-04-14 05:16:43,http://hdoa.hawaii.gov/agl/alternative-energy-loan-program/,Scraping returned no content
2026-04-14 05:16:43,http://ompa.com/programs/deep/,Scraping returned no content
2026-04-14 05:16:43,http://www.azcc.gov/divisions/utilities/electric.asp,Scraping returned no content
2026-04-14 05:16:43,http://mmpa.org/conservation/we-save-home/,Scraping returned no content
2026-04-14 05:16:43,http://comptroller.marylandtaxes.com/Public_Services/Agency_Information/Office_of_the_Comptroller/Comptroller_Initiatives/Shop_Maryland_Tax-free_Week/,Scraping returned no content
2026-04-14 05:16:43,http://psc.state.wy.us/,Scraping returned no content
2026-04-14 05:16:43,http://greenbank.ny.gov/,Scraping returned no content
2026-04-14 05:16:43,http://rmeb.org/pace.htm,Scraping returned no content
2026-04-14 05:16:43,http://takechargeva.com/business/default.aspx,Scraping returned no content
2026-04-14 05:16:43,http://green.dc.gov/service/buy-green-power,Scraping returned no content
2026-04-14 05:16:43,http://commerceri.com/finance-business/renewable-energy-fund/commercial-scale-projects/,Scraping returned no content
2026-04-14 05:16:43,http://pge.com/en/save-energy-and-money/energy-saving-programs/energy-efficiency-programs-for-businesses/energy-efficiency-financing.html,Scraping returned no content
2026-04-14 05:16:43,http://www.ahfc.us/buy/add-options/energy-efficiency-rate-reduction/,Scraping returned no content
2026-04-14 05:16:43,http://kcc.ks.gov/electric/renewable-energy-standard,Scraping returned no content
2026-04-14 05:16:43,http://bcap-ocean.org/state-country/colorado,Scraping returned no content
2026-04-14 05:16:43,http://tax.vermont.gov/municipal-officials/solar-valuation/everything-you-need-to-know-about-solar,Scraping returned no content
2026-04-14 05:16:43,http://dallascityhall.com/departments/sustainabledevelopment/buildinginspection/pages/know_code.aspx,Scraping returned no content
2026-04-14 05:16:43,http://buildsagreen.org/,Scraping returned no content
2026-04-14 05:16:43,http://energy.hawaii.gov/energy-efficiency-in-soh,Scraping returned no content
2026-04-14 05:16:43,http://ma-eeac.org/,Scraping returned no content
2026-04-14 05:16:43,http://tax.hawaii.gov/geninfo/renewable/,Scraping returned no content
2026-04-14 05:16:43,http://psc.wi.gov/renewables/WindSitingRules.htm,Scraping returned no content
2026-04-14 05:16:43,http://caec.coop/member-benefits-services/heat-pumps/,Scraping returned no content
2026-04-14 05:16:43,http://energy.hawaii.gov/renewable-energy,Scraping returned no content
2026-04-14 05:16:43,http://energytrust.org/commercial,Scraping returned no content
2026-04-14 05:16:43,http://energy.maryland.gov/Govt/pages/janeelawton.aspx,Scraping returned no content
2026-04-14 05:16:43,http://www.ashland.or.us/Files/SolarBrochure_WebFormat.pdf,Scraping returned no content
2026-04-14 05:16:43,http://aspencore.org/grants/,Scraping returned no content
2026-04-14 05:16:43,http://secpa.com/rebates,Scraping returned no content
2026-04-14 05:16:43,http://dor.wa.gov/content/findtaxesandrates/bandotax,Scraping returned no content
2026-04-14 05:16:43,http://www.anaheim.net/593/Personal-EV-Charger-Rebate,Scraping returned no content
2026-04-14 05:16:43,http://publicservice.vermont.gov/renewable_energy/net_metering,Scraping returned no content
2026-04-14 05:16:43,http://ny-sun.ny.gov/,Scraping returned no content
2026-04-14 05:16:43,http://publicservice.vermont.gov/electric/interconnection,Scraping returned no content
2026-04-14 05:16:43,http://development.ohio.gov/bs/bs_renewenergy.htm,Scraping returned no content
2026-04-14 05:16:43,http://mmpa.org/conservation/we-save-business/,Scraping returned no content
2026-04-14 05:16:43,http://energy.mo.gov/energy,Scraping returned no content
2026-04-14 05:16:43,http://energy.maryland.gov/business/Pages/incentives/empowermdcigp.aspx,Scraping returned no content
2026-04-14 05:16:44,http://greendallas.net/green-buildings/,Scraping returned no content
2026-04-14 05:16:44,http://homeenergysavings.delmarva.com/home-performance-with-energy-star-program,Scraping returned no content
2026-04-14 05:16:44,http://cleanairfleets.org/programs/charge-ahead-colorado,Scraping returned no content
2026-04-14 05:16:44,http://tax.vermont.gov/business-and-corp/corp-and-business-income-taxes/tax-credits,Scraping returned no content
2026-04-14 05:16:44,http://palaugov.org/,Scraping returned no content
2026-04-14 05:16:44,http://energy.nv.gov/Programs/Renewable_Energy_Tax_Abatements/,Scraping returned no content
2026-04-14 05:16:44,http://greenhoustontx.gov/green-power-program.html,Scraping returned no content
2026-04-14 05:16:44,http://city.milwaukee.gov/MilwaukeeShines#.VRw1e-G86W4,Scraping returned no content
2026-04-14 05:18:23,http://www.alputilities.com/residential/rebates.php,Scraping returned no content
2026-04-14 05:18:24,http://energy.maryland.gov/govt/Pages/smartenergycommunities.aspx,Scraping returned no content
2026-04-14 05:18:24,http://wa-portangeles.civicplus.com/790/Residential-Conservation-Rebates,Scraping returned no content
2026-04-14 05:18:24,http://longbeach.gov/sustainability/media-library/documents/urban-living/builidings-and-neighborhoods/greenbuildingpolicy/,Scraping returned no content
2026-04-14 05:18:24,http://bit.ly/1suoNdB,Scraping returned no content
2026-04-14 05:18:24,http://energytrust.org/commercial,Scraping returned no content
2026-04-14 05:18:24,http://copace.com/,Scraping returned no content
2026-04-14 05:18:24,http://energy.maryland.gov/business/Pages/incentives/PVEVprogram.aspx,Scraping returned no content
2026-04-14 05:18:24,http://energy.mo.gov/energy,Scraping returned no content
2026-04-14 05:18:24,http://puc.nv.gov/Renewable_Energy/Portfolio_Standard/,Scraping returned no content
2026-04-14 05:18:24,http://www.anaheim.net/965/Small-Business-Energy-Water-Direct-Insta,Scraping returned no content
2026-04-14 05:18:24,http://energy.hawaii.gov/energy-efficiency-in-soh,Scraping returned no content
2026-04-14 05:18:24,http://marbleheadelectric.com/rebates-incentives.html,Scraping returned no content
2026-04-14 05:18:24,http://www.azcc.gov/divisions/utilities/electric.asp,Scraping returned no content
2026-04-14 05:18:24,http://bcap-ocean.org/state-country/colorado,Scraping returned no content
2026-04-14 05:18:25,http://tax.vermont.gov/municipal-officials/solar-valuation/everything-you-need-to-know-about-solar,Scraping returned no content
2026-04-14 05:18:25,http://publicservice.vermont.gov/renewable_energy/cedf,Scraping returned no content
2026-04-14 05:18:25,http://cpuc.ca.gov/energyefficiency/,Scraping returned no content
2026-04-14 05:18:25,http://www.anaheim.net/593/Personal-EV-Charger-Rebate,Scraping returned no content
2026-04-14 05:18:25,http://ny-sun.ny.gov/,Scraping returned no content
2026-04-14 05:18:25,http://dor.mo.gov/business/sales/taxholiday/green/,Scraping returned no content
2026-04-14 05:18:25,http://deq.mt.gov/Energy/PropertyTaxIncentives.mcpx,Scraping returned no content
2026-04-14 05:18:25,http://www.ahfc.us/pros/loans/association-loan-program/,Scraping returned no content
2026-04-14 05:18:25,http://mmpa.org/conservation/we-save-business/,Scraping returned no content
2026-04-14 05:18:25,http://wmgld.com/energy-programs/,Scraping returned no content
2026-04-14 05:18:25,http://www.austintexas.gov/department/austin-climate-protection-program,Scraping returned no content
2026-04-14 05:18:25,http://bpu.org/rebates/,Scraping returned no content
2026-04-14 05:18:25,http://comptroller.marylandtaxes.com/Public_Services/Agency_Information/Office_of_the_Comptroller/Comptroller_Initiatives/Shop_Maryland_Tax-free_Week/,Scraping returned no content
2026-04-14 05:18:25,http://commerceri.com/finance-business/renewable-energy-fund/commercial-scale-projects/,Scraping returned no content
2026-04-14 05:18:26,http://energy.gov/lpo/loan-programs-office,Scraping returned no content
2026-04-14 05:18:26,http://mgaleg.maryland.gov/mgawebsite/Legislation/Details/hb1255/?ys=2019rs,Scraping returned no content
2026-04-14 05:18:26,http://wellesleyma.gov/799/Energy-Efficiency-Rebates,Scraping returned no content
2026-04-14 05:18:26,http://bcapcodes.org/code-status/state/mississippi/,Scraping returned no content
2026-04-14 05:18:26,http://psc.state.wy.us/,Scraping returned no content
2026-04-14 05:18:26,http://mmpa.org/conservation/we-save-home/,Scraping returned no content
2026-04-14 05:18:26,http://cca.hawaii.gov/pvl/boards/contractor/,Scraping returned no content
2026-04-14 05:18:26,http://pge.com/en/save-energy-and-money/energy-saving-programs/energy-efficiency-programs-for-businesses/energy-efficiency-financing.html,Scraping returned no content
2026-04-14 05:18:26,http://www.bcremc.com/incentives/,Scraping returned no content
2026-04-14 05:18:26,http://green.dc.gov/service/buy-green-power,Scraping returned no content
2026-04-14 05:18:26,http://caec.coop/member-benefits-services/heat-pumps/,Scraping returned no content
2026-04-14 05:18:26,http://greenhoustontx.gov/green-power-program.html,Scraping returned no content
2026-04-14 05:18:26,http://www.ahfc.us/efficiency/energy-programs/weatherization/,Scraping returned no content
2026-04-14 05:18:26,http://secpa.com/rebates,Scraping returned no content
2026-04-14 05:18:26,http://hdoa.hawaii.gov/agl/alternative-energy-loan-program/,Scraping returned no content
2026-04-14 05:18:27,http://city.milwaukee.gov/MilwaukeeShines#.VRw1e-G86W4,Scraping returned no content
2026-04-14 05:18:27,http://tax.vermont.gov/business-and-corp/corp-and-business-income-taxes/tax-credits,Scraping returned no content
2026-04-14 05:18:27,http://kcc.ks.gov/electric/renewable-energy-standard,Scraping returned no content
2026-04-14 05:18:27,http://homeenergysavings.pepco.com/home-performance-with-energy-star-program,Scraping returned no content
2026-04-14 05:18:27,http://greendallas.net/green-buildings/,Scraping returned no content
2026-04-14 05:18:27,http://cleanairfleets.org/programs/charge-ahead-colorado,Scraping returned no content
2026-04-14 05:18:27,http://ompa.com/programs/deep/,Scraping returned no content
2026-04-14 05:18:27,http://tax.hawaii.gov/geninfo/renewable/,Scraping returned no content
2026-04-14 05:18:27,http://lodielectric.com/909/Residential-Rebates,Scraping returned no content
2026-04-14 05:18:27,http://development.ohio.gov/bs/bs_renewenergy.htm,Scraping returned no content
2026-04-14 05:18:27,http://www.aikenco-op.org/water-heater/,Scraping returned no content
2026-04-14 05:18:27,http://dced.pa.gov/programs/solar-energy-program-sep/#.WDSKnLIrJhE,Scraping returned no content
2026-04-14 05:18:27,http://energy.maryland.gov/business/Pages/incentives/empowermdcigp.aspx,Scraping returned no content
2026-04-14 05:18:27,http://unitil.com/energy-efficiency/energy-efficiency-programs/natural-gas-programs-rebates-assistance,Scraping returned no content
2026-04-14 05:18:28,http://puc.nv.gov/Renewable_Energy/Net_Metering/,Scraping returned no content
2026-04-14 05:18:28,http://lodielectric.com/908/Commercial-Programs,Scraping returned no content
2026-04-14 05:18:28,http://lodielectric.com/906/Commercial-Rebates,Scraping returned no content
2026-04-14 05:18:28,http://cleanairfleets.org/programs/alt-fuels-colorado,Scraping returned no content
2026-04-14 05:18:28,http://depsc.delaware.gov/electric.shtml,Scraping returned no content
2026-04-14 05:18:28,http://masmartsolar.com/,Scraping returned no content
2026-04-14 05:18:28,http://fortworthtexas.gov/sustainability/,Scraping returned no content
2026-04-14 05:18:28,http://crpud.net/ways-to-save/at-work,Scraping returned no content
2026-04-14 05:18:28,http://dor.wa.gov/Content/FindTaxesAndRates/TaxIncentives/IncentivePrograms.aspx#Energy,Scraping returned no content
2026-04-14 05:18:28,http://energy.nv.gov/Programs/Renewable_Energy_Tax_Abatements/,Scraping returned no content
2026-04-14 05:18:28,http://buildsagreen.org/,Scraping returned no content
2026-04-14 05:18:28,http://homeenergysavings.delmarva.com/home-performance-with-energy-star-program,Scraping returned no content
2026-04-14 05:18:28,http://palaugov.org/,Scraping returned no content
2026-04-14 05:18:28,http://publicservice.vermont.gov/renewable_energy/resources,Scraping returned no content
2026-04-14 05:18:28,http://licenseinfo.oregon.gov/,Scraping returned no content
2026-04-14 05:18:29,http://publicservice.vermont.gov/renewable_energy/net_metering,Scraping returned no content
2026-04-14 05:18:29,http://www.ashland.or.us/Files/SolarBrochure_WebFormat.pdf,Scraping returned no content
2026-04-14 05:18:29,http://santaclaraca.gov/index.aspx?page=1046,Scraping returned no content
2026-04-14 05:18:29,http://greenbank.ny.gov/,Scraping returned no content
2026-04-14 05:18:29,http://www.anaheim.net/5353/Business-Energy-Rebates,Scraping returned no content
2026-04-14 05:18:29,http://dallascityhall.com/departments/sustainabledevelopment/buildinginspection/pages/know_code.aspx,Scraping returned no content
2026-04-14 05:18:29,http://psc.wi.gov/renewables/WindSitingRules.htm,Scraping returned no content
2026-04-14 05:18:29,http://takechargeva.com/business/default.aspx,Scraping returned no content
2026-04-14 05:18:29,http://publicservice.vermont.gov/electric/interconnection,Scraping returned no content
2026-04-14 05:18:29,http://www.aacounty.org/Finance/Forms.cfm,Scraping returned no content
2026-04-14 05:18:29,http://ma-eeac.org/,Scraping returned no content
2026-04-14 05:18:29,http://apps.sos.wv.gov/adlaw/csr/ruleview.aspx?document=8584,Scraping returned no content
2026-04-14 05:18:29,http://depsc.delaware.gov/delrps.shtml,Scraping returned no content
2026-04-14 05:18:29,http://energytrust.org/newbuildings,Scraping returned no content
2026-04-14 05:18:29,http://www.ahfc.us/buy/add-options/energy-efficiency-rate-reduction/,Scraping returned no content
2026-04-14 05:18:30,http://www.anaheim.net/3312/Public-EV-Charger-Rebate,Scraping returned no content
2026-04-14 05:18:30,http://www.anaheim.net/911/New-Construction-Incentives,Scraping returned no content
2026-04-14 05:18:30,http://energy.maryland.gov/Govt/pages/janeelawton.aspx,Scraping returned no content
2026-04-14 05:18:30,http://www.arkansas.gov/psc/index.htm,Scraping returned no content
2026-04-14 05:18:30,http://anaheim.net/936/Energy-Rebates-Incentives,Scraping returned no content
2026-04-14 05:18:30,http://rmeb.org/pace.htm,Scraping returned no content
2026-04-14 05:18:30,http://aspencore.org/grants/,Scraping returned no content
2026-04-14 05:18:30,http://dor.wa.gov/content/findtaxesandrates/bandotax,Scraping returned no content
2026-04-14 05:18:30,http://energy.hawaii.gov/renewable-energy,Scraping returned no content
2026-04-14 05:20:12,http://www.anaheim.net/965/Small-Business-Energy-Water-Direct-Insta,Scraping returned no content
2026-04-14 05:25:04,http://energy.mo.gov/energy,Scraping returned no content
2026-04-14 05:27:06,http://copace.com/,Scraping returned no content
2026-04-14 05:31:05,http://publicservice.vermont.gov/renewable_energy/net_metering,Scraping returned no content
2026-04-14 05:34:08,http://green.dc.gov/service/buy-green-power,Scraping returned no content
2026-04-14 05:36:24,http://wellesleyma.gov/799/Energy-Efficiency-Rebates,Scraping returned no content
2026-04-14 05:39:53,http://lodielectric.com/908/Commercial-Programs,Scraping returned no content
2026-04-14 05:41:55,http://deq.mt.gov/Energy/PropertyTaxIncentives.mcpx,Scraping returned no content
2026-04-14 05:43:56,http://bit.ly/1suoNdB,Scraping returned no content
2026-04-14 05:45:58,http://dced.pa.gov/programs/solar-energy-program-sep/#.WDSKnLIrJhE,Scraping returned no content
2026-04-14 05:48:00,http://www.austintexas.gov/department/austin-climate-protection-program,Scraping returned no content
2026-04-14 05:52:12,http://cca.hawaii.gov/pvl/boards/contractor/,Scraping returned no content
2026-04-14 05:54:14,http://www.anaheim.net/965/Small-Business-Energy-Water-Direct-Insta,Scraping returned no content
2026-04-14 05:56:16,http://energy.maryland.gov/Govt/pages/janeelawton.aspx,Scraping returned no content
2026-04-14 05:58:18,http://www.ahfc.us/efficiency/energy-programs/weatherization/,Scraping returned no content
2026-04-14 06:00:20,http://www.anaheim.net/3312/Public-EV-Charger-Rebate,Scraping returned no content
2026-04-14 06:02:22,http://energy.hawaii.gov/renewable-energy,Scraping returned no content
2026-04-14 06:04:33,http://unitil.com/energy-efficiency/energy-efficiency-programs/natural-gas-programs-rebates-assistance,Scraping returned no content
2026-04-14 06:06:35,http://puc.nv.gov/Renewable_Energy/Net_Metering/,Scraping returned no content
2026-04-14 06:08:41,http://hdoa.hawaii.gov/agl/alternative-energy-loan-program/,Scraping returned no content
2026-04-14 06:10:43,http://cleanairfleets.org/programs/charge-ahead-colorado,Scraping returned no content
2026-04-14 06:12:45,http://publicservice.vermont.gov/electric/interconnection,Scraping returned no content
2026-04-14 06:15:11,http://www.aacounty.org/Finance/Forms.cfm,Scraping returned no content
2026-04-14 06:17:12,http://dallascityhall.com/departments/sustainabledevelopment/buildinginspection/pages/know_code.aspx,Scraping returned no content
2026-04-14 06:19:16,http://crpud.net/ways-to-save/at-work,Scraping returned no content
2026-04-14 06:21:18,http://dor.wa.gov/Content/FindTaxesAndRates/TaxIncentives/IncentivePrograms.aspx#Energy,Scraping returned no content
2026-04-14 06:23:28,http://energy.maryland.gov/business/Pages/incentives/empowermdcigp.aspx,Scraping returned no content
2026-04-14 06:25:31,http://mgaleg.maryland.gov/mgawebsite/Legislation/Details/hb1255/?ys=2019rs,Scraping returned no content
2026-04-14 06:27:32,http://www.alputilities.com/residential/rebates.php,Scraping returned no content
2026-04-14 06:29:35,http://energy.gov/lpo/loan-programs-office,Scraping returned no content
2026-04-14 06:31:36,http://www.aikenco-op.org/water-heater/,Scraping returned no content
2026-04-14 06:33:38,http://ompa.com/programs/deep/,Scraping returned no content
2026-04-14 06:35:40,http://pge.com/en/save-energy-and-money/energy-saving-programs/energy-efficiency-programs-for-businesses/energy-efficiency-financing.html,Scraping returned no content
2026-04-14 06:37:42,http://caec.coop/member-benefits-services/heat-pumps/,Scraping returned no content
2026-04-14 06:39:43,http://greenbank.ny.gov/,Scraping returned no content
2026-04-14 06:39:45,http://greendallas.net/green-buildings/,Scraping returned no content
2026-04-14 06:41:47,http://puc.nv.gov/Renewable_Energy/Portfolio_Standard/,Scraping returned no content
2026-04-14 06:43:49,http://www.arkansas.gov/psc/index.htm,Scraping returned no content
2026-04-14 06:45:51,http://homeenergysavings.delmarva.com/home-performance-with-energy-star-program,Scraping returned no content
2026-04-14 06:47:53,http://tax.vermont.gov/municipal-officials/solar-valuation/everything-you-need-to-know-about-solar,Scraping returned no content
2026-04-14 06:49:55,http://energy.maryland.gov/govt/Pages/smartenergycommunities.aspx,Scraping returned no content
2026-04-14 06:51:57,http://www.anaheim.net/593/Personal-EV-Charger-Rebate,Scraping returned no content
2026-04-14 06:56:01,http://www.ahfc.us/buy/add-options/energy-efficiency-rate-reduction/,Scraping returned no content
2026-04-14 06:58:04,http://energytrust.org/commercial,Scraping returned no content
2026-04-14 07:01:24,http://www.bcremc.com/incentives/,Scraping returned no content
2026-04-14 07:03:27,http://licenseinfo.oregon.gov/,Scraping returned no content
2026-04-14 07:03:59,http://lodielectric.com/909/Residential-Rebates,Scraping returned no content
2026-04-14 07:06:02,http://psc.state.wy.us/,Scraping returned no content
2026-04-14 07:08:04,http://cleanairfleets.org/programs/alt-fuels-colorado,Scraping returned no content
2026-04-14 07:10:06,http://depsc.delaware.gov/electric.shtml,Scraping returned no content
2026-04-14 07:12:08,http://energy.nv.gov/Programs/Renewable_Energy_Tax_Abatements/,Scraping returned no content
2026-04-14 07:14:10,http://palaugov.org/,Scraping returned no content
2026-04-14 07:16:12,http://www.ahfc.us/pros/loans/association-loan-program/,Scraping returned no content
2026-04-14 07:18:13,http://tax.hawaii.gov/geninfo/renewable/,Scraping returned no content
2026-04-14 07:22:13,http://fortworthtexas.gov/sustainability/,Scraping returned no content
2026-04-14 07:24:15,http://energy.hawaii.gov/energy-efficiency-in-soh,Scraping returned no content
2026-04-14 07:26:18,http://dor.mo.gov/business/sales/taxholiday/green/,Scraping returned no content
2026-04-14 07:28:19,http://ny-sun.ny.gov/,Scraping returned no content
2026-04-14 07:30:21,http://wa-portangeles.civicplus.com/790/Residential-Conservation-Rebates,Scraping returned no content
2026-04-14 07:32:22,http://development.ohio.gov/bs/bs_renewenergy.htm,Scraping returned no content
2026-04-14 07:34:24,http://lodielectric.com/906/Commercial-Rebates,Scraping returned no content
2026-04-14 07:36:25,http://www.ashland.or.us/Files/SolarBrochure_WebFormat.pdf,Scraping returned no content
2026-04-14 07:38:40,http://depsc.delaware.gov/delrps.shtml,Scraping returned no content
2026-04-14 07:40:42,http://marbleheadelectric.com/rebates-incentives.html,Scraping returned no content
2026-04-14 07:42:43,http://publicservice.vermont.gov/renewable_energy/cedf,Scraping returned no content
2026-04-14 07:44:45,http://www.anaheim.net/5353/Business-Energy-Rebates,Scraping returned no content
2026-04-14 07:46:46,http://wmgld.com/energy-programs/,Scraping returned no content
2026-04-14 07:48:48,http://santaclaraca.gov/index.aspx?page=1046,Scraping returned no content
2026-04-14 07:50:49,http://tax.vermont.gov/business-and-corp/corp-and-business-income-taxes/tax-credits,Scraping returned no content
2026-04-14 07:52:51,http://ma-eeac.org/,Scraping returned no content
2026-04-14 07:54:52,http://bpu.org/rebates/,Scraping returned no content
2026-04-14 07:56:53,http://city.milwaukee.gov/MilwaukeeShines#.VRw1e-G86W4,Scraping returned no content
2026-04-14 07:58:55,http://www.anaheim.net/911/New-Construction-Incentives,Scraping returned no content
2026-04-14 08:00:56,http://anaheim.net/936/Energy-Rebates-Incentives,Scraping returned no content
2026-04-14 08:02:57,http://bcapcodes.org/code-status/state/mississippi/,Scraping returned no content
2026-04-14 08:04:59,http://homeenergysavings.pepco.com/home-performance-with-energy-star-program,Scraping returned no content
2026-04-14 08:07:00,http://bcap-ocean.org/state-country/colorado,Scraping returned no content
2026-04-14 08:09:02,http://cpuc.ca.gov/energyefficiency/,Scraping returned no content
2026-04-14 08:11:03,http://energytrust.org/newbuildings,Scraping returned no content
2026-04-14 08:13:05,http://energy.maryland.gov/business/Pages/incentives/PVEVprogram.aspx,Scraping returned no content
2026-04-14 08:15:06,http://publicservice.vermont.gov/renewable_energy/resources,Scraping returned no content
2026-04-14 08:15:08,http://comptroller.marylandtaxes.com/Public_Services/Agency_Information/Office_of_the_Comptroller/Comptroller_Initiatives/Shop_Maryland_Tax-free_Week/,Scraping returned no content
2026-04-14 08:17:10,http://psc.wi.gov/renewables/WindSitingRules.htm,Scraping returned no content
2026-04-14 08:19:11,http://dor.wa.gov/content/findtaxesandrates/bandotax,Scraping returned no content
2026-04-14 13:56:48,http://www.ahfc.us/efficiency/energy-programs/weatherization/,Scraping returned no content
2026-04-14 13:58:50,http://energy.maryland.gov/business/Pages/incentives/PVEVprogram.aspx,Scraping returned no content
2026-04-14 14:00:51,http://ompa.com/programs/deep/,Scraping returned no content
2026-04-14 14:03:21,http://www.bcremc.com/incentives/,Scraping returned no content
2026-04-14 14:07:08,http://energy.maryland.gov/business/Pages/incentives/empowermdcigp.aspx,Scraping returned no content
2026-04-14 14:09:09,http://dced.pa.gov/programs/solar-energy-program-sep/#.WDSKnLIrJhE,Scraping returned no content
2026-04-14 14:11:11,http://publicservice.vermont.gov/renewable_energy/resources,Scraping returned no content
2026-04-14 14:13:12,http://ma-eeac.org/,Scraping returned no content
2026-04-14 14:16:28,http://energy.mo.gov/energy,Scraping returned no content
2026-04-14 14:18:29,http://bit.ly/1suoNdB,Scraping returned no content
2026-04-14 14:20:31,http://energy.nv.gov/Programs/Renewable_Energy_Tax_Abatements/,Scraping returned no content
2026-04-14 14:20:33,http://greendallas.net/green-buildings/,Scraping returned no content
2026-04-14 14:22:34,http://hdoa.hawaii.gov/agl/alternative-energy-loan-program/,Scraping returned no content
2026-04-14 14:24:35,http://www.anaheim.net/965/Small-Business-Energy-Water-Direct-Insta,Scraping returned no content
2026-04-14 14:26:37,http://cleanairfleets.org/programs/alt-fuels-colorado,Scraping returned no content
2026-04-14 14:28:38,http://dor.wa.gov/Content/FindTaxesAndRates/TaxIncentives/IncentivePrograms.aspx#Energy,Scraping returned no content
2026-04-14 14:30:40,http://dor.mo.gov/business/sales/taxholiday/green/,Scraping returned no content
2026-04-14 14:32:41,http://depsc.delaware.gov/electric.shtml,Scraping returned no content
2026-04-14 14:34:43,http://www.anaheim.net/3312/Public-EV-Charger-Rebate,Scraping returned no content
2026-04-14 14:37:33,http://cca.hawaii.gov/pvl/boards/contractor/,Scraping returned no content
2026-04-14 14:39:34,http://energy.maryland.gov/govt/Pages/smartenergycommunities.aspx,Scraping returned no content
2026-04-14 14:43:38,http://energy.hawaii.gov/energy-efficiency-in-soh,Scraping returned no content
2026-04-14 14:46:31,http://publicservice.vermont.gov/electric/interconnection,Scraping returned no content
2026-04-14 14:48:32,http://pge.com/en/save-energy-and-money/energy-saving-programs/energy-efficiency-programs-for-businesses/energy-efficiency-financing.html,Scraping returned no content
2026-04-14 14:50:34,http://wmgld.com/energy-programs/,Scraping returned no content
2026-04-14 14:53:49,http://development.ohio.gov/bs/bs_renewenergy.htm,Scraping returned no content
2026-04-14 14:55:50,http://energy.gov/lpo/loan-programs-office,Scraping returned no content
2026-04-14 14:59:41,http://www.ashland.or.us/Files/SolarBrochure_WebFormat.pdf,Scraping returned no content
2026-04-14 15:03:01,http://mgaleg.maryland.gov/mgawebsite/Legislation/Details/hb1255/?ys=2019rs,Scraping returned no content
2026-04-14 15:05:24,http://www.aacounty.org/Finance/Forms.cfm,Scraping returned no content
2026-04-14 15:07:25,http://dallascityhall.com/departments/sustainabledevelopment/buildinginspection/pages/know_code.aspx,Scraping returned no content
2026-04-14 15:09:27,http://city.milwaukee.gov/MilwaukeeShines#.VRw1e-G86W4,Scraping returned no content
2026-04-14 15:11:28,http://depsc.delaware.gov/delrps.shtml,Scraping returned no content
2026-04-14 15:13:29,http://tax.vermont.gov/municipal-officials/solar-valuation/everything-you-need-to-know-about-solar,Scraping returned no content
2026-04-14 15:15:31,http://cpuc.ca.gov/energyefficiency/,Scraping returned no content
2026-04-14 15:17:32,http://santaclaraca.gov/index.aspx?page=1046,Scraping returned no content
2026-04-14 15:21:44,http://energy.maryland.gov/Govt/pages/janeelawton.aspx,Scraping returned no content
2026-04-14 15:23:45,http://bcap-ocean.org/state-country/colorado,Scraping returned no content
2026-04-14 15:25:47,http://publicservice.vermont.gov/renewable_energy/cedf,Scraping returned no content
2026-04-14 15:27:48,http://cleanairfleets.org/programs/charge-ahead-colorado,Scraping returned no content
2026-04-14 15:29:50,http://www.arkansas.gov/psc/index.htm,Scraping returned no content
2026-04-14 15:31:52,http://energytrust.org/newbuildings,Scraping returned no content
2026-04-14 15:33:53,http://www.anaheim.net/593/Personal-EV-Charger-Rebate,Scraping returned no content
2026-04-14 15:39:31,http://wellesleyma.gov/799/Energy-Efficiency-Rebates,Scraping returned no content
2026-04-14 15:41:32,http://publicservice.vermont.gov/renewable_energy/net_metering,Scraping returned no content
2026-04-14 15:43:33,http://ny-sun.ny.gov/,Scraping returned no content
2026-04-14 15:45:35,http://bcapcodes.org/code-status/state/mississippi/,Scraping returned no content
2026-04-14 15:47:36,http://www.anaheim.net/5353/Business-Energy-Rebates,Scraping returned no content
2026-04-14 15:49:37,http://fortworthtexas.gov/sustainability/,Scraping returned no content
2026-04-14 15:51:39,http://copace.com/,Scraping returned no content
2026-04-14 15:53:40,http://tax.vermont.gov/business-and-corp/corp-and-business-income-taxes/tax-credits,Scraping returned no content
2026-04-14 15:53:42,http://comptroller.marylandtaxes.com/Public_Services/Agency_Information/Office_of_the_Comptroller/Comptroller_Initiatives/Shop_Maryland_Tax-free_Week/,Scraping returned no content
2026-04-14 15:55:43,http://lodielectric.com/909/Residential-Rebates,Scraping returned no content
2026-04-14 15:58:45,http://tax.hawaii.gov/geninfo/renewable/,Scraping returned no content
2026-04-14 16:00:47,http://anaheim.net/936/Energy-Rebates-Incentives,Scraping returned no content
2026-04-14 16:02:48,http://www.ahfc.us/buy/add-options/energy-efficiency-rate-reduction/,Scraping returned no content
2026-04-14 16:04:50,http://bpu.org/rebates/,Scraping returned no content
2026-04-14 16:06:51,http://green.dc.gov/service/buy-green-power,Scraping returned no content
2026-04-14 16:08:52,http://energy.hawaii.gov/renewable-energy,Scraping returned no content
2026-04-14 16:10:54,http://www.austintexas.gov/department/austin-climate-protection-program,Scraping returned no content
2026-04-14 17:53:22,http://copace.com/,Scraping returned no content
2026-04-14 17:55:23,http://wmgld.com/energy-programs/,Scraping returned no content
2026-04-14 17:57:24,http://energytrust.org/commercial,Scraping returned no content
2026-04-14 17:59:26,http://mmpa.org/conservation/we-save-business/,Scraping returned no content
2026-04-14 18:01:28,http://puc.nv.gov/Renewable_Energy/Net_Metering/,Scraping returned no content
2026-04-14 18:03:29,http://tax.vermont.gov/municipal-officials/solar-valuation/everything-you-need-to-know-about-solar,Scraping returned no content
2026-04-14 18:05:30,http://unitil.com/energy-efficiency/energy-efficiency-programs/natural-gas-programs-rebates-assistance,Scraping returned no content
2026-04-14 18:07:32,http://energy.nv.gov/Programs/Renewable_Energy_Tax_Abatements/,Scraping returned no content
2026-04-14 18:09:34,http://www.anaheim.net/911/New-Construction-Incentives,Scraping returned no content
2026-04-14 18:09:36,http://comptroller.marylandtaxes.com/Public_Services/Agency_Information/Office_of_the_Comptroller/Comptroller_Initiatives/Shop_Maryland_Tax-free_Week/,Scraping returned no content
2026-04-14 18:11:37,http://hdoa.hawaii.gov/agl/alternative-energy-loan-program/,Scraping returned no content
2026-04-14 18:13:39,http://development.ohio.gov/bs/bs_renewenergy.htm,Scraping returned no content
2026-04-14 18:15:41,http://marbleheadelectric.com/rebates-incentives.html,Scraping returned no content
2026-04-14 18:17:42,http://bcap-ocean.org/state-country/colorado,Scraping returned no content
2026-04-14 18:19:45,http://dor.mo.gov/business/sales/taxholiday/green/,Scraping returned no content
2026-04-14 18:25:16,http://energy.maryland.gov/Govt/pages/janeelawton.aspx,Scraping returned no content
2026-04-14 18:27:18,http://lodielectric.com/906/Commercial-Rebates,Scraping returned no content
2026-04-14 18:29:20,http://mgaleg.maryland.gov/mgawebsite/Legislation/Details/hb1255/?ys=2019rs,Scraping returned no content
2026-04-14 18:31:22,http://bit.ly/1suoNdB,Scraping returned no content
2026-04-14 18:33:24,http://crpud.net/ways-to-save/at-work,Scraping returned no content
2026-04-14 18:35:27,http://publicservice.vermont.gov/renewable_energy/resources,Scraping returned no content
2026-04-14 18:35:29,http://greendallas.net/green-buildings/,Scraping returned no content
2026-04-14 18:37:30,http://publicservice.vermont.gov/renewable_energy/net_metering,Scraping returned no content
2026-04-14 18:39:35,http://energy.mo.gov/energy,Scraping returned no content
2026-04-14 18:41:37,http://bpu.org/rebates/,Scraping returned no content
2026-04-14 18:43:39,http://cleanairfleets.org/programs/charge-ahead-colorado,Scraping returned no content
2026-04-14 18:45:40,http://www.anaheim.net/593/Personal-EV-Charger-Rebate,Scraping returned no content
2026-04-14 18:47:42,http://publicservice.vermont.gov/electric/interconnection,Scraping returned no content
2026-04-14 18:53:19,http://dallascityhall.com/departments/sustainabledevelopment/buildinginspection/pages/know_code.aspx,Scraping returned no content
2026-04-14 18:55:21,http://publicservice.vermont.gov/renewable_energy/cedf,Scraping returned no content
2026-04-14 18:57:22,http://ompa.com/programs/deep/,Scraping returned no content
2026-04-14 18:59:24,http://www.aacounty.org/Finance/Forms.cfm,Scraping returned no content
2026-04-14 19:01:26,http://anaheim.net/936/Energy-Rebates-Incentives,Scraping returned no content
2026-04-14 19:03:27,http://www.ahfc.us/buy/add-options/energy-efficiency-rate-reduction/,Scraping returned no content
2026-04-14 19:07:48,http://mmpa.org/conservation/we-save-home/,Scraping returned no content
2026-04-14 19:09:49,http://www.bcremc.com/incentives/,Scraping returned no content
2026-04-14 19:12:12,http://deq.mt.gov/Energy/PropertyTaxIncentives.mcpx,Scraping returned no content
2026-04-14 19:16:13,http://dced.pa.gov/programs/solar-energy-program-sep/#.WDSKnLIrJhE,Scraping returned no content
2026-04-14 19:18:15,http://palaugov.org/,Scraping returned no content
2026-04-14 19:20:16,http://energy.gov/lpo/loan-programs-office,Scraping returned no content
2026-04-14 19:25:01,http://lodielectric.com/909/Residential-Rebates,Scraping returned no content
2026-04-14 19:27:03,http://dor.wa.gov/Content/FindTaxesAndRates/TaxIncentives/IncentivePrograms.aspx#Energy,Scraping returned no content
2026-04-14 19:29:05,http://energy.maryland.gov/govt/Pages/smartenergycommunities.aspx,Scraping returned no content
2026-04-14 19:31:07,http://www.anaheim.net/965/Small-Business-Energy-Water-Direct-Insta,Scraping returned no content
2026-04-14 19:33:08,http://santaclaraca.gov/index.aspx?page=1046,Scraping returned no content
2026-04-14 19:35:10,http://dor.wa.gov/content/findtaxesandrates/bandotax,Scraping returned no content
2026-04-14 19:37:12,http://cleanairfleets.org/programs/alt-fuels-colorado,Scraping returned no content
2026-04-14 19:39:13,http://energy.hawaii.gov/renewable-energy,Scraping returned no content
2026-04-14 19:41:15,http://fortworthtexas.gov/sustainability/,Scraping returned no content
2026-04-14 19:43:17,http://www.ashland.or.us/Files/SolarBrochure_WebFormat.pdf,Scraping returned no content
2026-04-14 19:45:19,http://ma-eeac.org/,Scraping returned no content
2026-04-14 19:47:20,http://licenseinfo.oregon.gov/,Scraping returned no content
2026-04-14 19:49:22,http://www.anaheim.net/3312/Public-EV-Charger-Rebate,Scraping returned no content
2026-04-14 19:51:25,http://energytrust.org/newbuildings,Scraping returned no content
2026-04-14 19:53:27,http://lodielectric.com/908/Commercial-Programs,Scraping returned no content
2026-04-14 19:55:29,http://green.dc.gov/service/buy-green-power,Scraping returned no content
2026-04-14 19:57:31,http://www.ahfc.us/pros/loans/association-loan-program/,Scraping returned no content
2026-04-14 20:00:07,http://pge.com/en/save-energy-and-money/energy-saving-programs/energy-efficiency-programs-for-businesses/energy-efficiency-financing.html,Scraping returned no content
2026-04-14 20:02:13,http://bcapcodes.org/code-status/state/mississippi/,Scraping returned no content
2026-04-14 20:07:01,http://cpuc.ca.gov/energyefficiency/,Scraping returned no content
2026-04-14 20:09:03,http://depsc.delaware.gov/delrps.shtml,Scraping returned no content
2026-04-14 20:12:39,http://energy.hawaii.gov/energy-efficiency-in-soh,Scraping returned no content
2026-04-14 20:14:41,http://www.anaheim.net/5353/Business-Energy-Rebates,Scraping returned no content
2026-04-14 20:16:42,http://energy.maryland.gov/business/Pages/incentives/empowermdcigp.aspx,Scraping returned no content
2026-04-14 20:18:44,http://ny-sun.ny.gov/,Scraping returned no content
2026-04-14 20:20:46,http://tax.hawaii.gov/geninfo/renewable/,Scraping returned no content
2026-04-14 20:23:55,http://www.austintexas.gov/department/austin-climate-protection-program,Scraping returned no content
2026-04-14 20:25:57,http://www.arkansas.gov/psc/index.htm,Scraping returned no content
2026-04-14 20:29:08,http://wa-portangeles.civicplus.com/790/Residential-Conservation-Rebates,Scraping returned no content
2026-04-14 20:31:10,http://depsc.delaware.gov/electric.shtml,Scraping returned no content
2026-04-14 20:33:11,http://energy.maryland.gov/business/Pages/incentives/PVEVprogram.aspx,Scraping returned no content
2026-04-14 20:35:13,http://wellesleyma.gov/799/Energy-Efficiency-Rebates,Scraping returned no content
2026-04-14 20:37:14,http://cca.hawaii.gov/pvl/boards/contractor/,Scraping returned no content
2026-04-14 20:39:15,http://puc.nv.gov/Renewable_Energy/Portfolio_Standard/,Scraping returned no content
2026-04-14 20:41:17,http://www.ahfc.us/efficiency/energy-programs/weatherization/,Scraping returned no content
2026-04-14 20:43:18,http://city.milwaukee.gov/MilwaukeeShines#.VRw1e-G86W4,Scraping returned no content
2026-04-14 20:45:19,http://psc.wi.gov/renewables/WindSitingRules.htm,Scraping returned no content
2026-04-14 20:47:21,http://tax.vermont.gov/business-and-corp/corp-and-business-income-taxes/tax-credits,Scraping returned no content
2026-04-18 19:50:04,http://masmartsolar.com/,web,scraping,No content extracted from web resource,"scrape_url returned None — page may be behind auth, empty, or unsupported format"
"2026-04-18 19:55:29","http://caec.coop/member-benefits-services/heat-pumps/","web","scraping","No content extracted from web resource","scrape_url returned None — page may be behind auth, empty, or unsupported format"
"2026-04-18 19:55:29","http://psc.state.wy.us/","web","scraping","No content extracted from web resource","scrape_url returned None — page may be behind auth, empty, or unsupported format"
"2026-04-18 19:55:29","http://copace.com/","web","scraping","No content extracted from web resource","scrape_url returned None — page may be behind auth, empty, or unsupported format"
"2026-04-18 19:55:29","http://homeenergysavings.delmarva.com/home-performance-with-energy-star-program","web","scraping","No content extracted from web resource","scrape_url returned None — page may be behind auth, empty, or unsupported format"
"2026-04-18 19:55:30","http://greenbank.ny.gov/","web","scraping","No content extracted from web resource","scrape_url returned None — page may be behind auth, empty, or unsupported format"
"2026-04-18 19:55:30","http://www.anaheim.net/3312/Public-EV-Charger-Rebate","web","scraping","No content extracted from web resource","scrape_url returned None — page may be behind auth, empty, or unsupported format"
"2026-04-18 19:55:30","http://crpud.net/ways-to-save/at-work","web","scraping","No content extracted from web resource","scrape_url returned None — page may be behind auth, empty, or unsupported format"
"2026-04-18 19:55:30","http://kcc.ks.gov/electric/renewable-energy-standard","web","scraping","No content extracted from web resource","scrape_url returned None — page may be behind auth, empty, or unsupported format"
"2026-04-18 19:55:30","http://dor.wa.gov/content/findtaxesandrates/bandotax","web","scraping","No content extracted from web resource","scrape_url returned None — page may be behind auth, empty, or unsupported format"
"2026-04-18 19:55:30","http://lodielectric.com/908/Commercial-Programs","web","scraping","No content extracted from web resource","scrape_url returned None — page may be behind auth, empty, or unsupported format"
"2026-04-18 19:55:30","http://dallascityhall.com/departments/sustainabledevelopment/buildinginspection/pages/know_code.aspx","web","scraping","No content extracted from web resource","scrape_url returned None — page may be behind auth, empty, or unsupported format"
"2026-04-18 19:55:30","http://tax.vermont.gov/business-and-corp/corp-and-business-income-taxes/tax-credits","web","scraping","No content extracted from web resource","scrape_url returned None — page may be behind auth, empty, or unsupported format"
"2026-04-18 19:55:30","http://hdoa.hawaii.gov/agl/alternative-energy-loan-program/","web","scraping","No content extracted from web resource","scrape_url returned None — page may be behind auth, empty, or unsupported format"
"2026-04-18 19:55:30","http://bcapcodes.org/code-status/state/mississippi/","web","scraping","No content extracted from web resource","scrape_url returned None — page may be behind auth, empty, or unsupported format"
"2026-04-18 19:55:30","http://cpuc.ca.gov/energyefficiency/","web","scraping","No content extracted from web resource","scrape_url returned None — page may be behind auth, empty, or unsupported format"
"2026-04-18 19:55:30","http://energy.mo.gov/energy","web","scraping","No content extracted from web resource","scrape_url returned None — page may be behind auth, empty, or unsupported format"
"2026-04-18 19:55:30","http://deq.mt.gov/Energy/PropertyTaxIncentives.mcpx","web","scraping","No content extracted from web resource","scrape_url returned None — page may be behind auth, empty, or unsupported format"
"2026-04-18 19:55:30","http://wa-portangeles.civicplus.com/790/Residential-Conservation-Rebates","web","scraping","No content extracted from web resource","scrape_url returned None — page may be behind auth, empty, or unsupported format"
"2026-04-18 19:55:30","http://energy.maryland.gov/business/Pages/incentives/empowermdcigp.aspx","web","scraping","No content extracted from web resource","scrape_url returned None — page may be behind auth, empty, or unsupported format"
"2026-04-18 19:55:30","http://publicservice.vermont.gov/renewable_energy/cedf","web","scraping","No content extracted from web resource","scrape_url returned None — page may be behind auth, empty, or unsupported format"
"2026-04-18 19:55:30","http://mmpa.org/conservation/we-save-business/","web","scraping","No content extracted from web resource","scrape_url returned None — page may be behind auth, empty, or unsupported format"
"2026-04-18 19:55:30","http://energy.maryland.gov/Govt/pages/janeelawton.aspx","web","scraping","No content extracted from web resource","scrape_url returned None — page may be behind auth, empty, or unsupported format"
"2026-04-18 19:55:30","http://tax.vermont.gov/municipal-officials/solar-valuation/everything-you-need-to-know-about-solar","web","scraping","No content extracted from web resource","scrape_url returned None — page may be behind auth, empty, or unsupported format"
"2026-04-18 19:55:30","http://cca.hawaii.gov/pvl/boards/contractor/","web","scraping","No content extracted from web resource","scrape_url returned None — page may be behind auth, empty, or unsupported format"
"2026-04-18 19:55:30","http://www.alputilities.com/residential/rebates.php","web","scraping","No content extracted from web resource","scrape_url returned None — page may be behind auth, empty, or unsupported format"
"2026-04-18 19:55:30","http://dor.mo.gov/business/sales/taxholiday/green/","web","scraping","No content extracted from web resource","scrape_url returned None — page may be behind auth, empty, or unsupported format"
"2026-04-18 19:55:30","http://pge.com/en/save-energy-and-money/energy-saving-programs/energy-efficiency-programs-for-businesses/energy-efficiency-financing.html","web","scraping","No content extracted from web resource","scrape_url returned None — page may be behind auth, empty, or unsupported format"
"2026-04-18 19:55:30","http://city.milwaukee.gov/MilwaukeeShines#.VRw1e-G86W4","web","scraping","No content extracted from web resource","scrape_url returned None — page may be behind auth, empty, or unsupported format"
"2026-04-18 19:55:30","http://santaclaraca.gov/index.aspx?page=1046","web","scraping","No content extracted from web resource","scrape_url returned None — page may be behind auth, empty, or unsupported format"
"2026-04-18 19:55:30","http://aspencore.org/grants/","web","scraping","No content extracted from web resource","scrape_url returned None — page may be behind auth, empty, or unsupported format"
"2026-04-18 19:55:31","http://takechargeva.com/business/default.aspx","web","scraping","No content extracted from web resource","scrape_url returned None — page may be behind auth, empty, or unsupported format"
"2026-04-18 19:55:31","http://energy.nv.gov/Programs/Renewable_Energy_Tax_Abatements/","web","scraping","No content extracted from web resource","scrape_url returned None — page may be behind auth, empty, or unsupported format"
"2026-04-18 19:55:31","http://www.anaheim.net/593/Personal-EV-Charger-Rebate","web","scraping","No content extracted from web resource","scrape_url returned None — page may be behind auth, empty, or unsupported format"
"2026-04-18 19:55:31","http://energy.maryland.gov/govt/Pages/smartenergycommunities.aspx","web","scraping","No content extracted from web resource","scrape_url returned None — page may be behind auth, empty, or unsupported format"
"2026-04-18 19:55:31","http://wellesleyma.gov/799/Energy-Efficiency-Rebates","web","scraping","No content extracted from web resource","scrape_url returned None — page may be behind auth, empty, or unsupported format"
"2026-04-18 19:55:31","http://fortworthtexas.gov/sustainability/","web","scraping","No content extracted from web resource","scrape_url returned None — page may be behind auth, empty, or unsupported format"
"2026-04-18 19:55:31","http://mgaleg.maryland.gov/mgawebsite/Legislation/Details/hb1255/?ys=2019rs","web","scraping","No content extracted from web resource","scrape_url returned None — page may be behind auth, empty, or unsupported format"
"2026-04-18 19:55:31","http://development.ohio.gov/bs/bs_renewenergy.htm","web","scraping","No content extracted from web resource","scrape_url returned None — page may be behind auth, empty, or unsupported format"
"2026-04-18 19:55:31","http://licenseinfo.oregon.gov/","web","scraping","No content extracted from web resource","scrape_url returned None — page may be behind auth, empty, or unsupported format"
"2026-04-18 19:55:31","http://bit.ly/1suoNdB","web","scraping","No content extracted from web resource","scrape_url returned None — page may be behind auth, empty, or unsupported format"
"2026-04-18 19:55:31","http://www.azcc.gov/divisions/utilities/electric.asp","web","scraping","No content extracted from web resource","scrape_url returned None — page may be behind auth, empty, or unsupported format"
"2026-04-18 19:55:31","http://www.ahfc.us/buy/add-options/energy-efficiency-rate-reduction/","web","scraping","No content extracted from web resource","scrape_url returned None — page may be behind auth, empty, or unsupported format"
"2026-04-18 19:55:31","http://www.ahfc.us/pros/loans/association-loan-program/","web","scraping","No content extracted from web resource","scrape_url returned None — page may be behind auth, empty, or unsupported format"
"2026-04-18 19:55:31","http://palaugov.org/","web","scraping","No content extracted from web resource","scrape_url returned None — page may be behind auth, empty, or unsupported format"
"2026-04-18 19:55:31","http://puc.nv.gov/Renewable_Energy/Net_Metering/","web","scraping","No content extracted from web resource","scrape_url returned None — page may be behind auth, empty, or unsupported format"
"2026-04-18 19:55:31","http://cleanairfleets.org/programs/charge-ahead-colorado","web","scraping","No content extracted from web resource","scrape_url returned None — page may be behind auth, empty, or unsupported format"
"2026-04-18 19:55:31","http://depsc.delaware.gov/electric.shtml","web","scraping","No content extracted from web resource","scrape_url returned None — page may be behind auth, empty, or unsupported format"
"2026-04-18 19:55:31","http://www.aacounty.org/Finance/Forms.cfm","web","scraping","No content extracted from web resource","scrape_url returned None — page may be behind auth, empty, or unsupported format"
"2026-04-18 19:55:31","http://dor.wa.gov/Content/FindTaxesAndRates/TaxIncentives/IncentivePrograms.aspx#Energy","web","scraping","No content extracted from web resource","scrape_url returned None — page may be behind auth, empty, or unsupported format"
"2026-04-18 19:55:31","http://rmeb.org/pace.htm","web","scraping","No content extracted from web resource","scrape_url returned None — page may be behind auth, empty, or unsupported format"
"2026-04-18 19:55:31","http://www.anaheim.net/5353/Business-Energy-Rebates","web","scraping","No content extracted from web resource","scrape_url returned None — page may be behind auth, empty, or unsupported format"
"2026-04-18 19:55:31","http://ny-sun.ny.gov/","web","scraping","No content extracted from web resource","scrape_url returned None — page may be behind auth, empty, or unsupported format"
"2026-04-18 19:55:31","http://www.aikenco-op.org/water-heater/","web","scraping","No content extracted from web resource","scrape_url returned None — page may be behind auth, empty, or unsupported format"
"2026-04-18 19:55:31","http://tax.hawaii.gov/geninfo/renewable/","web","scraping","No content extracted from web resource","scrape_url returned None — page may be behind auth, empty, or unsupported format"
"2026-04-18 19:55:31","http://dced.pa.gov/programs/solar-energy-program-sep/#.WDSKnLIrJhE","web","scraping","No content extracted from web resource","scrape_url returned None — page may be behind auth, empty, or unsupported format"
"2026-04-18 19:55:31","http://buildsagreen.org/","web","scraping","No content extracted from web resource","scrape_url returned None — page may be behind auth, empty, or unsupported format"
"2026-04-18 19:55:32","http://lodielectric.com/909/Residential-Rebates","web","scraping","No content extracted from web resource","scrape_url returned None — page may be behind auth, empty, or unsupported format"
"2026-04-18 19:55:32","http://greenhoustontx.gov/green-power-program.html","web","scraping","No content extracted from web resource","scrape_url returned None — page may be behind auth, empty, or unsupported format"
"2026-04-18 19:55:32","http://puc.nv.gov/Renewable_Energy/Portfolio_Standard/","web","scraping","No content extracted from web resource","scrape_url returned None — page may be behind auth, empty, or unsupported format"
"2026-04-18 19:55:32","http://www.ashland.or.us/Files/SolarBrochure_WebFormat.pdf","pdf","scraping","No content extracted from pdf resource","scrape_url returned None — page may be behind auth, empty, or unsupported format"
"2026-04-18 19:55:32","http://energy.maryland.gov/business/Pages/incentives/PVEVprogram.aspx","web","scraping","No content extracted from web resource","scrape_url returned None — page may be behind auth, empty, or unsupported format"
"2026-04-18 19:55:32","http://energy.gov/lpo/loan-programs-office","web","scraping","No content extracted from web resource","scrape_url returned None — page may be behind auth, empty, or unsupported format"
"2026-04-18 19:55:32","http://wmgld.com/energy-programs/","web","scraping","No content extracted from web resource","scrape_url returned None — page may be behind auth, empty, or unsupported format"
"2026-04-18 19:55:32","http://energytrust.org/commercial","web","scraping","No content extracted from web resource","scrape_url returned None — page may be behind auth, empty, or unsupported format"
"2026-04-18 19:55:32","http://depsc.delaware.gov/delrps.shtml","web","scraping","No content extracted from web resource","scrape_url returned None — page may be behind auth, empty, or unsupported format"
"2026-04-18 19:55:32","http://publicservice.vermont.gov/renewable_energy/resources","web","scraping","No content extracted from web resource","scrape_url returned None — page may be behind auth, empty, or unsupported format"
"2026-04-18 19:55:33","http://bcap-ocean.org/state-country/colorado","web","scraping","No content extracted from web resource","scrape_url returned None — page may be behind auth, empty, or unsupported format"
"2026-04-18 19:55:33","http://green.dc.gov/service/buy-green-power","web","scraping","No content extracted from web resource","scrape_url returned None — page may be behind auth, empty, or unsupported format"
"2026-04-18 19:55:33","http://www.austintexas.gov/department/austin-climate-protection-program","web","scraping","No content extracted from web resource","scrape_url returned None — page may be behind auth, empty, or unsupported format"
"2026-04-18 19:55:33","http://marbleheadelectric.com/rebates-incentives.html","web","scraping","No content extracted from web resource","scrape_url returned None — page may be behind auth, empty, or unsupported format"
"2026-04-18 19:55:33","http://www.arkansas.gov/psc/index.htm","web","scraping","No content extracted from web resource","scrape_url returned None — page may be behind auth, empty, or unsupported format"
"2026-04-18 19:55:33","http://publicservice.vermont.gov/electric/interconnection","web","scraping","No content extracted from web resource","scrape_url returned None — page may be behind auth, empty, or unsupported format"
"2026-04-18 19:55:33","http://apps.sos.wv.gov/adlaw/csr/ruleview.aspx?document=8584","web","scraping","No content extracted from web resource","scrape_url returned None — page may be behind auth, empty, or unsupported format"
"2026-04-18 19:55:33","http://mmpa.org/conservation/we-save-home/","web","scraping","No content extracted from web resource","scrape_url returned None — page may be behind auth, empty, or unsupported format"
"2026-04-18 19:55:33","http://cleanairfleets.org/programs/alt-fuels-colorado","web","scraping","No content extracted from web resource","scrape_url returned None — page may be behind auth, empty, or unsupported format"
"2026-04-18 19:55:33","http://www.anaheim.net/965/Small-Business-Energy-Water-Direct-Insta","web","scraping","No content extracted from web resource","scrape_url returned None — page may be behind auth, empty, or unsupported format"
"2026-04-18 19:55:33","http://ompa.com/programs/deep/","web","scraping","No content extracted from web resource","scrape_url returned None — page may be behind auth, empty, or unsupported format"
"2026-04-18 19:55:33","http://energy.hawaii.gov/renewable-energy","web","scraping","No content extracted from web resource","scrape_url returned None — page may be behind auth, empty, or unsupported format"
"2026-04-18 19:55:33","http://masmartsolar.com/","web","scraping","No content extracted from web resource","scrape_url returned None — page may be behind auth, empty, or unsupported format"
"2026-04-18 19:55:33","http://bpu.org/rebates/","web","scraping","No content extracted from web resource","scrape_url returned None — page may be behind auth, empty, or unsupported format"
"2026-04-18 19:55:33","http://psc.wi.gov/renewables/WindSitingRules.htm","web","scraping","No content extracted from web resource","scrape_url returned None — page may be behind auth, empty, or unsupported format"
"2026-04-18 19:55:33","http://longbeach.gov/sustainability/media-library/documents/urban-living/builidings-and-neighborhoods/greenbuildingpolicy/","web","scraping","No content extracted from web resource","scrape_url returned None — page may be behind auth, empty, or unsupported format"
"2026-04-18 19:55:33","http://energytrust.org/newbuildings","web","scraping","No content extracted from web resource","scrape_url returned None — page may be behind auth, empty, or unsupported format"
"2026-04-18 19:55:33","http://anaheim.net/936/Energy-Rebates-Incentives","web","scraping","No content extracted from web resource","scrape_url returned None — page may be behind auth, empty, or unsupported format"
"2026-04-18 19:55:33","http://publicservice.vermont.gov/renewable_energy/net_metering","web","scraping","No content extracted from web resource","scrape_url returned None — page may be behind auth, empty, or unsupported format"
"2026-04-18 19:55:33","http://lodielectric.com/906/Commercial-Rebates","web","scraping","No content extracted from web resource","scrape_url returned None — page may be behind auth, empty, or unsupported format"
"2026-04-18 19:55:33","http://greendallas.net/green-buildings/","web","scraping","No content extracted from web resource","scrape_url returned None — page may be behind auth, empty, or unsupported format"
"2026-04-18 19:55:33","http://www.ahfc.us/efficiency/energy-programs/weatherization/","web","scraping","No content extracted from web resource","scrape_url returned None — page may be behind auth, empty, or unsupported format"
"2026-04-18 19:55:33","http://homeenergysavings.pepco.com/home-performance-with-energy-star-program","web","scraping","No content extracted from web resource","scrape_url returned None — page may be behind auth, empty, or unsupported format"
"2026-04-18 19:55:33","http://secpa.com/rebates","web","scraping","No content extracted from web resource","scrape_url returned None — page may be behind auth, empty, or unsupported format"
"2026-04-18 19:55:33","http://www.anaheim.net/911/New-Construction-Incentives","web","scraping","No content extracted from web resource","scrape_url returned None — page may be behind auth, empty, or unsupported format"
"2026-04-18 19:55:33","http://commerceri.com/finance-business/renewable-energy-fund/commercial-scale-projects/","web","scraping","No content extracted from web resource","scrape_url returned None — page may be behind auth, empty, or unsupported format"
"2026-04-18 19:55:33","http://energy.hawaii.gov/energy-efficiency-in-soh","web","scraping","No content extracted from web resource","scrape_url returned None — page may be behind auth, empty, or unsupported format"
"2026-04-18 19:55:34","http://unitil.com/energy-efficiency/energy-efficiency-programs/natural-gas-programs-rebates-assistance","web","scraping","No content extracted from web resource","scrape_url returned None — page may be behind auth, empty, or unsupported format"
"2026-04-18 19:55:34","http://www.bcremc.com/incentives/","web","scraping","No content extracted from web resource","scrape_url returned None — page may be behind auth, empty, or unsupported format"
"2026-04-18 19:55:34","http://ma-eeac.org/","web","scraping","No content extracted from web resource","scrape_url returned None — page may be behind auth, empty, or unsupported format"
"2026-04-18 19:55:34","http://comptroller.marylandtaxes.com/Public_Services/Agency_Information/Office_of_the_Comptroller/Comptroller_Initiatives/Shop_Maryland_Tax-free_Week/","web","scraping","No content extracted from web resource","scrape_url returned None — page may be behind auth, empty, or unsupported format"
"2026-04-18 20:03:55","http://comptroller.marylandtaxes.com/Public_Services/Agency_Information/Office_of_the_Comptroller/Comptroller_Initiatives/Shop_Maryland_Tax-free_Week/","web","scraping","No content extracted from web resource","scrape_url returned None — page may be behind auth, empty, or unsupported format"
"2026-04-18 20:06:24","http://greendallas.net/green-buildings/","web","scraping","No content extracted from web resource","scrape_url returned None — page may be behind auth, empty, or unsupported format"
"2026-04-18 20:07:47","http://www.ashland.or.us/Files/SolarBrochure_WebFormat.pdf","pdf","scraping","No content extracted from pdf resource","scrape_url returned None — page may be behind auth, empty, or unsupported format"
"2026-04-19 00:39:16","http://www.ashland.or.us/Files/SolarBrochure_WebFormat.pdf","pdf","scraping","No content extracted from pdf resource","scrape_url returned None — page may be behind auth, empty, or unsupported format"
"2026-04-19 00:43:20","http://comptroller.marylandtaxes.com/Public_Services/Agency_Information/Office_of_the_Comptroller/Comptroller_Initiatives/Shop_Maryland_Tax-free_Week/","web","scraping","No content extracted from web resource","scrape_url returned None — page may be behind auth, empty, or unsupported format"
"2026-04-19 00:45:53","http://greendallas.net/green-buildings/","web","scraping","No content extracted from web resource","scrape_url returned None — page may be behind auth, empty, or unsupported format"
"2026-04-19 00:46:35","http://energy.maryland.gov/Govt/pages/janeelawton.aspx","web","scraping","No content extracted from web resource","scrape_url returned None — page may be behind auth, empty, or unsupported format"
"2026-04-19 01:01:52","http://lodielectric.com/906/Commercial-Rebates","web","llm_parsing","LLM returned malformed JSON after all retries","LLM failed to return valid JSON after 3 attempts for http://lodielectric.com/906/Commercial-Rebates."
"2026-04-19 02:28:03","http://www.ashland.or.us/Files/SolarBrochure_WebFormat.pdf","pdf","scraping","No content extracted from pdf resource","scrape_url returned None — page may be behind auth, empty, or unsupported format"
"2026-04-19 02:48:03","http://comptroller.marylandtaxes.com/Public_Services/Agency_Information/Office_of_the_Comptroller/Comptroller_Initiatives/Shop_Maryland_Tax-free_Week/","web","scraping","No content extracted from web resource","scrape_url returned None — page may be behind auth, empty, or unsupported format"
"2026-04-19 03:03:15","http://www.alputilities.com/residential/rebates.php","web","llm_parsing","LLM returned malformed JSON after all retries","LLM failed to return valid JSON after 3 attempts for http://www.alputilities.com/residential/rebates.php."
"2026-04-19 03:17:29","http://greendallas.net/green-buildings/","web","scraping","No content extracted from web resource","scrape_url returned None — page may be behind auth, empty, or unsupported format"
"2026-04-19 03:31:26","http://wa-portangeles.civicplus.com/790/Residential-Conservation-Rebates","web","llm_parsing","LLM returned malformed JSON after all retries","LLM failed to return valid JSON after 3 attempts for http://wa-portangeles.civicplus.com/790/Residential-Conservation-Rebates."
"2026-04-19 03:40:33","http://homeenergysavings.pepco.com/home-performance-with-energy-star-program","web","llm_parsing","LLM returned malformed JSON after all retries","LLM failed to return valid JSON after 3 attempts for http://homeenergysavings.pepco.com/home-performance-with-energy-star-program."
"2026-04-19 03:54:11","http://www.anaheim.net/965/Small-Business-Energy-Water-Direct-Insta","web","llm_parsing","LLM returned malformed JSON after all retries","LLM failed to return valid JSON after 3 attempts for http://www.anaheim.net/965/Small-Business-Energy-Water-Direct-Insta."
"2026-04-19 04:03:16","http://mmpa.org/conservation/we-save-home/","web","llm_parsing","LLM returned malformed JSON after all retries","LLM failed to return valid JSON after 3 attempts for http://mmpa.org/conservation/we-save-home/."
"2026-04-19 04:12:21","http://tax.vermont.gov/business-and-corp/corp-and-business-income-taxes/tax-credits","web","llm_parsing","LLM returned malformed JSON after all retries","LLM failed to return valid JSON after 3 attempts for http://tax.vermont.gov/business-and-corp/corp-and-business-income-taxes/tax-credits."
